PlayerID,Season,GameDate,Week,Team,Opponent,HomeOrAway,Number,Name,Position,PositionCategory,Activated,Played,Started,PassingAttempts,PassingCompletions,PassingYards,PassingCompletionPercentage,PassingYardsPerAttempt,PassingYardsPerCompletion,PassingTouchdowns,PassingInterceptions,PassingRating,PassingLong,PassingSacks,PassingSackYards,RushingAttempts,RushingYards,RushingYardsPerAttempt,RushingTouchdowns,RushingLong,ReceivingTargets,Receptions,ReceivingYards,ReceivingYardsPerReception,ReceivingTouchdowns,ReceivingLong,Fumbles,FumblesLost,PuntReturns,PuntReturnYards,PuntReturnYardsPerAttempt,PuntReturnTouchdowns,PuntReturnLong,KickReturns,KickReturnYards,KickReturnYardsPerAttempt,KickReturnTouchdowns,KickReturnLong,SoloTackles,AssistedTackles,TacklesForLoss,Sacks,SackYards,QuarterbackHits,PassesDefended,FumblesForced,FumblesRecovered,FumbleReturnYards,FumbleReturnTouchdowns,Interceptions,InterceptionReturnYards,InterceptionReturnTouchdowns,BlockedKicks,SpecialTeamsSoloTackles,SpecialTeamsAssistedTackles,MiscSoloTackles,MiscAssistedTackles,Punts,PuntYards,PuntAverage,FieldGoalsAttempted,FieldGoalsMade,FieldGoalsLongestMade,ExtraPointsMade,TwoPointConversionPasses,TwoPointConversionRuns,TwoPointConversionReceptions
6506,2010,9/12/2010,1,GB,PHI,AWAY,50,A.Hawk,LB,DEF,Y,Y,N,0,0,0,0,0,0,0,0,0,0,0,0,0,0,0,0,0,0,0,0,0,0,0,0,0,0,0,0,0,0,0,0,0,0,0,0,0,0,0.0,0.0,0,0,0,0,0,0,0,0,0,0,1,0,0,0,0,0,0,0,0,0,0,0,0,0
11400,2010,9/12/2010,1,GB,PHI,AWAY,81,A.Quarless,TE,OFF,N,N,N,0,0,0,0,0,0,0,0,0,0,0,0,0,0,0,0,0,0,0,0,0,0,0,0,0,0,0,0,0,0,0,0,0,0,0,0,0,0,0.0,0.0,0,0,0,0,0,0,0,0,0,0,0,0,0,0,0,0,0,0,0,0,0,0,0,0
2593,2010,9/12/2010,1,GB,PHI,AWAY,12,A.Rodgers,QB,OFF,Y,Y,Y,31,19,188,61,6.06,9.89,2,2,73.05,32,3,21,5,9,1.8,0,7,0,0,0,0,0,0,0,0,0,0,0,0,0,0,0,0,0,0,0,0,0,0.0,0.0,0,0,0,0,0,0,0,0,0,0,0,0,0,0,0,0,0,0,0,0,0,0,0,0
11385,2010,9/12/2010,1,GB,PHI,AWAY,75,B.Bulaga,OT,OFF,Y,Y,N,0,0,0,0,0,0,0,0,0,0,0,0,0,0,0,0,0,0,0,0,0,0,0,0,0,0,0,0,0,0,0,0,0,0,0,0,0,0,0.0,0.0,0,0,0,0,0,0,0,0,0,0,0,0,0,0,0,0,0,0,0,0,0,0,0,0
8242,2010,9/12/2010,1,GB,PHI,AWAY,54,B.Chillar,LB,DEF,Y,Y,Y,0,0,0,0,0,0,0,0,0,0,0,0,0,0,0,0,0,0,0,0,0,0,0,0,0,0,0,0,0,0,0,0,0,0,0,6,1,0,0.0,0.0,0,0,0,0,0,0,0,0,0,0,0,0,0,0,0,0,0,0,0,0,0,0,0,0
5633,2010,9/12/2010,1,GB,PHI,AWAY,61,B.Goode,LS,ST,Y,Y,N,0,0,0,0,0,0,0,0,0,0,0,0,0,0,0,0,0,0,0,0,0,0,0,0,0,0,0,0,0,0,0,0,0,0,0,0,0,0,0.0,0.0,0,0,0,0,0,0,0,0,0,0,0,0,0,0,0,0,0,0,0,0,0,0,0,0
3898,2010,9/12/2010,1,GB,PHI,AWAY,32,B.Jackson,RB,OFF,Y,Y,N,0,0,0,0,0,0,0,0,0,0,0,0,18,63,3.5,0,18,2,2,12,6,0,13,0,0,0,0,0,0,0,0,0,0,0,0,0,0,0,0.0,0.0,0,0,0,0,0,0,0,0,0,0,0,0,0,0,0,0,0,0,0,0,0,0,0,0
9049,2010,9/12/2010,1,GB,PHI,AWAY,59,B.Jones,LB,DEF,Y,Y,Y,0,0,0,0,0,0,0,0,0,0,0,0,0,0,0,0,0,0,0,0,0,0,0,0,0,0,0,0,0,0,0,0,0,0,0,2,1,0,0.0,0.0,0,0,0,0,0,0,0,0,0,0,0,0,0,0,0,0,0,0,0,0,0,0,0,0
4091,2010,9/12/2010,1,GB,PHI,AWAY,51,B.Poppinga,LB,DEF,Y,Y,N,0,0,0,0,0,0,0,0,0,0,0,0,0,0,0,0,0,0,0,0,0,0,0,0,0,0,0,0,0,0,0,0,0,0,0,1,0,0,0.0,0.0,0,0,0,0,0,0,0,0,0,0,0,0,0,0,0,0,0,0,0,0,0,0,0,0
9057,2010,9/12/2010,1,GB,PHI,AWAY,90,B.Raji,DE,DEF,Y,Y,Y,0,0,0,0,0,0,0,0,0,0,0,0,0,0,0,0,0,0,0,0,0,0,0,0,0,0,0,0,0,0,0,0,0,0,0,2,0,1,1.0,9.0,1,0,0,0,0,0,0,0,0,0,0,0,0,0,0,0,0,0,0,0,0,0,0,0
9061,2010,9/12/2010,1,GB,PHI,AWAY,16,B.Swain,WR,OFF,Y,Y,N,0,0,0,0,0,0,0,0,0,0,0,0,0,0,0,0,0,0,0,0,0,0,0,0,0,0,0,0,0,0,0,0,0,0,0,0,0,0,0.0,0.0,0,0,0,0,0,0,0,0,0,0,0,0,0,0,0,0,0,0,0,0,0,0,0,0
12193,2010,9/12/2010,1,GB,PHI,AWAY,28,B.Underwood,CB,DEF,N,N,N,0,0,0,0,0,0,0,0,0,0,0,0,0,0,0,0,0,0,0,0,0,0,0,0,0,0,0,0,0,0,0,0,0,0,0,0,0,0,0.0,0.0,0,0,0,0,0,0,0,0,0,0,0,0,0,0,0,0,0,0,0,0,0,0,0,0
7593,2010,9/12/2010,1,GB,PHI,AWAY,76,C.Clifton,LT,OFF,Y,Y,Y,0,0,0,0,0,0,0,0,0,0,0,0,0,0,0,0,0,0,0,0,0,0,0,0,0,0,0,0,0,0,0,0,0,0,0,0,0,0,0.0,0.0,0,0,0,0,0,0,0,0,0,0,0,0,0,0,0,0,0,0,0,0,0,0,0,0
5984,2010,9/12/2010,1,GB,PHI,AWAY,77,C.Jenkins,DE,DEF,Y,Y,Y,0,0,0,0,0,0,0,0,0,0,0,0,0,0,0,0,0,0,0,0,0,0,0,0,0,0,0,0,0,0,0,0,0,0,0,1,0,0,1.0,0.0,2,0,0,0,0,0,0,0,0,0,0,0,0,0,0,0,0,0,0,0,0,0,0,0
9051,2010,9/12/2010,1,GB,PHI,AWAY,52,C.Matthews,LB,DEF,Y,Y,Y,0,0,0,0,0,0,0,0,0,0,0,0,0,0,0,0,0,0,0,0,0,0,0,0,0,0,0,0,0,0,0,0,0,0,0,7,0,2,3.0,11.0,3,1,1,0,0,0,0,0,0,0,0,0,0,0,0,0,0,0,0,0,0,0,0,0
10085,2010,9/12/2010,1,GB,PHI,AWAY,26,C.Peprah,S,DEF,Y,Y,N,0,0,0,0,0,0,0,0,0,0,0,0,0,0,0,0,0,0,0,0,0,0,0,0,0,0,0,0,0,0,0,0,0,0,0,0,0,0,0.0,0.0,0,0,0,0,0,0,0,0,0,0,0,0,0,0,0,0,0,0,0,0,0,0,0,0
11405,2010,9/12/2010,1,GB,PHI,AWAY,98,C.Wilson,DE,DEF,N,N,N,0,0,0,0,0,0,0,0,0,0,0,0,0,0,0,0,0,0,0,0,0,0,0,0,0,0,0,0,0,0,0,0,0,0,0,0,0,0,0.0,0.0,0,0,0,0,0,0,0,0,0,0,0,0,0,0,0,0,0,0,0,0,0,0,0,0
2670,2010,9/12/2010,1,GB,PHI,AWAY,21,C.Woodson,CB,DEF,Y,Y,Y,0,0,0,0,0,0,0,0,0,0,0,0,0,0,0,0,0,0,0,0,0,0,0,0,0,0,0,0,0,0,0,0,0,0,0,4,1,0,0.0,0.0,0,1,1,0,0,0,0,0,0,0,0,0,0,0,0,0,0,0,0,0,0,0,0,0
1003,2010,9/12/2010,1,GB,PHI,AWAY,55,D.Bishop,LB,DEF,Y,Y,N,0,0,0,0,0,0,0,0,0,0,0,0,0,0,0,0,0,0,0,0,0,0,0,0,0,0,0,0,0,0,0,0,0,0,0,0,0,0,0.0,0.0,0,0,0,0,0,0,0,0,0,0,0,0,0,0,0,0,0,0,0,0,0,0,0,0
4244,2010,9/12/2010,1,GB,PHI,AWAY,73,D.Colledge,LG,OFF,Y,Y,Y,0,0,0,0,0,0,0,0,0,0,0,0,0,0,0,0,0,0,0,0,0,0,0,0,0,0,0,0,0,0,0,0,0,0,0,0,0,0,0.0,0.0,0,0,0,0,0,0,0,0,0,0,0,0,0,0,0,0,0,0,0,0,0,0,0,0
7452,2010,9/12/2010,1,GB,PHI,AWAY,80,D.Driver,WR,OFF,Y,Y,Y,0,0,0,0,0,0,0,0,0,0,0,0,0,0,0,0,0,7,5,30,6,1,7,0,0,0,0,0,0,0,0,0,0,0,0,0,0,0,0.0,0.0,0,0,0,0,0,0,0,0,0,0,0,0,1,0,0,0,0,0,0,0,0,0,0,0
6351,2010,9/12/2010,1,GB,PHI,AWAY,86,D.Lee,TE,OFF,Y,Y,N,0,0,0,0,0,0,0,0,0,0,0,0,0,0,0,0,0,0,0,0,0,0,0,0,0,0,0,0,0,0,0,0,0,0,0,0,0,0,0.0,0.0,0,0,0,0,0,0,0,0,0,0,0,0,0,0,0,0,0,0,0,0,0,0,0,0
9690,2010,9/12/2010,1,GB,PHI,AWAY,29,D.Martin,S,DEF,Y,Y,N,0,0,0,0,0,0,0,0,0,0,0,0,0,0,0,0,0,0,0,0,0,0,0,0,0,0,0,0,0,0,0,0,0,0,0,0,0,0,0.0,0.0,0,0,0,0,0,0,0,0,0,0,1,0,0,0,0,0,0,0,0,0,0,0,0,0
12195,2010,9/12/2010,1,GB,PHI,AWAY,58,F.Zombo,LB,DEF,Y,Y,N,0,0,0,0,0,0,0,0,0,0,0,0,0,0,0,0,0,0,0,0,0,0,0,0,0,0,0,0,0,0,0,0,0,0,0,1,0,1,1.0,8.0,1,0,0,0,0,0,0,0,0,0,0,0,0,0,0,0,0,0,0,0,0,0,0,0
6597,2010,9/12/2010,1,GB,PHI,AWAY,85,G.Jennings,WR,OFF,Y,Y,Y,0,0,0,0,0,0,0,0,0,0,0,0,0,0,0,0,0,10,5,82,16.4,1,32,0,0,0,0,0,0,0,0,0,0,0,0,0,0,0,0.0,0.0,0,0,0,0,0,0,0,0,0,0,0,0,0,0,0,0,0,0,0,0,0,0,0,0
7280,2010,9/12/2010,1,GB,PHI,AWAY,24,J.Bush,CB,DEF,Y,Y,N,0,0,0,0,0,0,0,0,0,0,0,0,0,0,0,0,0,0,0,0,0,0,0,0,0,0,0,0,0,0,0,0,0,0,0,1,0,0,0.0,0.0,0,0,0,0,0,0,0,0,0,0,0,0,0,0,0,0,0,0,0,0,0,0,0,0
3671,2010,9/12/2010,1,GB,PHI,AWAY,88,J.Finley,TE,OFF,Y,Y,Y,0,0,0,0,0,0,0,0,0,0,0,0,0,0,0,0,0,6,4,47,11.75,0,20,0,0,0,0,0,0,0,0,0,0,0,0,0,0,0,0.0,0.0,0,0,0,0,0,0,0,0,0,0,0,0,1,0,0,0,0,0,0,0,0,0,0,0
1404,2010,9/12/2010,1,GB,PHI,AWAY,91,J.Harrell,DE,DEF,Y,Y,N,0,0,0,0,0,0,0,0,0,0,0,0,0,0,0,0,0,0,0,0,0,0,0,0,0,0,0,0,0,0,0,0,0,0,0,0,0,0,0.0,0.0,0,0,0,0,0,0,0,0,0,0,0,0,0,0,0,0,0,0,0,0,0,0,0,0
6302,2010,9/12/2010,1,GB,PHI,AWAY,89,J.Jones,WR,OFF,Y,Y,N,0,0,0,0,0,0,0,0,0,0,0,0,0,0,0,0,0,3,2,10,5,0,7,0,0,0,0,0,0,0,0,0,0,0,0,0,0,0,0.0,0.0,0,0,0,0,0,0,0,0,0,0,0,0,0,0,0,0,0,0,0,0,0,0,0,0
1589,2010,9/12/2010,1,GB,PHI,AWAY,30,J.Kuhn,FB,OFF,Y,Y,N,0,0,0,0,0,0,0,0,0,0,0,0,2,15,7.5,1,12,0,0,0,0,0,0,0,0,0,0,0,0,0,0,0,0,0,0,0,0,0,0.0,0.0,0,0,0,0,0,0,0,0,0,0,0,0,0,0,0,0,0,0,0,0,0,0,0,0
4556,2010,9/12/2010,1,GB,PHI,AWAY,87,J.Nelson,WR,OFF,Y,Y,N,0,0,0,0,0,0,0,0,0,0,0,0,0,0,0,0,0,2,1,7,7,0,7,0,0,0,0,0,0,0,5,156,31.2,0,51,0,0,0,0.0,0.0,0,0,0,0,0,0,0,0,0,0,0,0,0,0,0,0,0,0,0,0,0,0,0,0
3339,2010,9/12/2010,1,GB,PHI,AWAY,71,J.Sitton,RG,OFF,Y,Y,Y,0,0,0,0,0,0,0,0,0,0,0,0,0,0,0,0,0,0,0,0,0,0,0,0,0,0,0,0,0,0,0,0,0,0,0,0,0,0,0.0,0.0,0,0,0,0,0,0,0,0,0,0,0,0,0,0,0,0,0,0,0,0,0,0,0,0
2648,2010,9/12/2010,1,GB,PHI,AWAY,72,J.Spitz,G,OFF,Y,Y,N,0,0,0,0,0,0,0,0,0,0,0,0,0,0,0,0,0,0,0,0,0,0,0,0,0,0,0,0,0,0,0,0,0,0,0,0,0,0,0.0,0.0,0,0,0,0,0,0,0,0,0,0,0,0,0,0,0,0,0,0,0,0,0,0,0,0
5536,2010,9/12/2010,1,GB,PHI,AWAY,35,K.Hall,FB,OFF,Y,Y,Y,0,0,0,0,0,0,0,0,0,0,0,0,0,0,0,0,0,0,0,0,0,0,0,0,0,0,0,0,0,0,0,0,0,0,0,0,0,0,0.0,0.0,0,0,0,0,0,0,0,0,0,0,1,0,0,0,0,0,0,0,0,0,0,0,0,0
11386,2010,9/12/2010,1,GB,PHI,AWAY,42,M.Burnett,S,DEF,Y,Y,Y,0,0,0,0,0,0,0,0,0,0,0,0,0,0,0,0,0,0,0,0,0,0,0,0,0,0,0,0,0,0,0,0,0,0,0,2,0,0,0.0,0.0,0,0,0,0,0,0,0,0,0,0,0,0,0,0,0,0,0,0,0,0,0,0,0,0
1694,2010,9/12/2010,1,GB,PHI,AWAY,2,M.Crosby,K,ST,Y,Y,N,0,0,0,0,0,0,0,0,0,0,0,0,0,0,0,0,0,0,0,0,0,0,0,0,0,0,0,0,0,0,0,0,0,0,0,0,0,0,0.0,0.0,0,0,0,0,0,0,0,0,0,0,0,0,0,0,0,0,0,2,2,56,3,0,0,0
3895,2010,9/12/2010,1,GB,PHI,AWAY,10,M.Flynn,QB,OFF,Y,N,N,0,0,0,0,0,0,0,0,0,0,0,0,0,0,0,0,0,0,0,0,0,0,0,0,0,0,0,0,0,0,0,0,0,0,0,0,0,0,0.0,0.0,0,0,0,0,0,0,0,0,0,0,0,0,0,0,0,0,0,0,0,0,0,0,0,0
11397,2010,9/12/2010,1,GB,PHI,AWAY,96,M.Neal,DE,DEF,N,N,N,0,0,0,0,0,0,0,0,0,0,0,0,0,0,0,0,0,0,0,0,0,0,0,0,0,0,0,0,0,0,0,0,0,0,0,0,0,0,0.0,0.0,0,0,0,0,0,0,0,0,0,0,0,0,0,0,0,0,0,0,0,0,0,0,0,0
11398,2010,9/12/2010,1,GB,PHI,AWAY,74,M.Newhouse,OT,OFF,N,N,N,0,0,0,0,0,0,0,0,0,0,0,0,0,0,0,0,0,0,0,0,0,0,0,0,0,0,0,0,0,0,0,0,0,0,0,0,0,0,0.0,0.0,0,0,0,0,0,0,0,0,0,0,0,0,0,0,0,0,0,0,0,0,0,0,0,0
5123,2010,9/12/2010,1,GB,PHI,AWAY,65,M.Tauscher,RT,OFF,Y,Y,Y,0,0,0,0,0,0,0,0,0,0,0,0,0,0,0,0,0,0,0,0,0,0,0,0,0,0,0,0,0,0,0,0,0,0,0,0,0,0,0.0,0.0,0,0,0,0,0,0,0,0,0,0,0,0,0,0,0,0,0,0,0,0,0,0,0,0
3378,2010,9/12/2010,1,GB,PHI,AWAY,56,N.Barnett,LB,DEF,Y,Y,Y,0,0,0,0,0,0,0,0,0,0,0,0,0,0,0,0,0,0,0,0,0,0,0,0,0,0,0,0,0,0,0,0,0,0,0,4,0,1,0.0,0.0,0,1,0,0,0,0,0,0,0,0,0,0,0,0,0,0,0,0,0,0,0,0,0,0
4872,2010,9/12/2010,1,GB,PHI,AWAY,36,N.Collins,S,DEF,Y,Y,Y,0,0,0,0,0,0,0,0,0,0,0,0,0,0,0,0,0,0,0,0,0,0,0,0,0,0,0,0,0,0,0,0,0,0,0,3,0,0,0.0,0.0,0,1,0,0,0,0,0,0,0,0,0,0,0,0,0,0,0,0,0,0,0,0,0,0
11394,2010,9/12/2010,1,GB,PHI,AWAY,67,N.McDonald,G,OFF,N,N,N,0,0,0,0,0,0,0,0,0,0,0,0,0,0,0,0,0,0,0,0,0,0,0,0,0,0,0,0,0,0,0,0,0,0,0,0,0,0,0.0,0.0,0,0,0,0,0,0,0,0,0,0,0,0,0,0,0,0,0,0,0,0,0,0,0,0
6352,2010,9/12/2010,1,GB,PHI,AWAY,22,P.Lee,CB,DEF,Y,Y,N,0,0,0,0,0,0,0,0,0,0,0,0,0,0,0,0,0,0,0,0,0,0,0,0,0,0,0,0,0,0,0,0,0,0,0,0,0,0,0.0,0.0,0,0,0,0,0,0,0,0,0,0,0,0,0,0,0,0,0,0,0,0,0,0,0,0
9048,2010,9/12/2010,1,GB,PHI,AWAY,45,Q.Johnson,FB,OFF,N,N,N,0,0,0,0,0,0,0,0,0,0,0,0,0,0,0,0,0,0,0,0,0,0,0,0,0,0,0,0,0,0,0,0,0,0,0,0,0,0,0.0,0.0,0,0,0,0,0,0,0,0,0,0,0,0,0,0,0,0,0,0,0,0,0,0,0,0
3680,2010,9/12/2010,1,GB,PHI,AWAY,25,R.Grant,RB,OFF,Y,Y,Y,0,0,0,0,0,0,0,0,0,0,0,0,8,45,5.62,0,18,0,0,0,0,0,0,0,0,0,0,0,0,0,0,0,0,0,0,0,0,0,0.0,0.0,0,0,0,0,0,0,0,0,0,0,0,0,0,0,0,0,0,0,0,0,0,0,0,0
5601,2010,9/12/2010,1,GB,PHI,AWAY,79,R.Pickett,DE,DEF,Y,Y,N,0,0,0,0,0,0,0,0,0,0,0,0,0,0,0,0,0,0,0,0,0,0,0,0,0,0,0,0,0,0,0,0,0,0,0,2,0,0,0.0,0.0,0,0,0,0,0,0,0,0,0,0,0,0,0,0,0,0,0,0,0,0,0,0,0,0
11402,2010,9/12/2010,1,GB,PHI,AWAY,37,S.Shields,CB,DEF,Y,Y,Y,0,0,0,0,0,0,0,0,0,0,0,0,0,0,0,0,0,0,0,0,0,0,0,0,0,0,0,0,0,0,0,0,0,0,0,2,1,0,0.0,0.0,0,0,0,0,0,0,0,0,0,0,0,0,0,0,0,0,0,0,0,0,0,0,0,0
1507,2010,9/12/2010,1,GB,PHI,AWAY,63,S.Wells,C,OFF,Y,Y,Y,0,0,0,0,0,0,0,0,0,0,0,0,0,0,0,0,0,0,0,0,0,0,0,0,0,0,0,0,0,0,0,0,0,0,0,0,0,0,0.0,0.0,0,0,0,0,0,0,0,0,0,0,0,0,0,0,0,0,0,0,0,0,0,0,0,0
12007,2010,9/12/2010,1,GB,PHI,AWAY,83,T.Crabtree,TE,OFF,Y,Y,N,0,0,0,0,0,0,0,0,0,0,0,0,0,0,0,0,0,0,0,0,0,0,0,0,0,0,0,0,0,0,0,0,0,0,0,0,0,0,0.0,0.0,0,0,0,0,0,0,0,0,0,0,2,0,0,0,0,0,0,0,0,0,0,0,0,0
9050,2010,9/12/2010,1,GB,PHI,AWAY,70,T.Lang,OT,OFF,N,N,N,0,0,0,0,0,0,0,0,0,0,0,0,0,0,0,0,0,0,0,0,0,0,0,0,0,0,0,0,0,0,0,0,0,0,0,0,0,0,0.0,0.0,0,0,0,0,0,0,0,0,0,0,0,0,0,0,0,0,0,0,0,0,0,0,0,0
11393,2010,9/12/2010,1,GB,PHI,AWAY,8,T.Masthay,P,ST,Y,Y,N,0,0,0,0,0,0,0,0,0,0,0,0,0,0,0,0,0,0,0,0,0,0,0,0,0,0,0,0,0,0,0,0,0,0,0,0,0,0,0.0,0.0,0,0,0,0,0,0,0,0,0,0,0,0,0,0,4,166,41.5,0,0,0,0,0,0,0
3942,2010,9/12/2010,1,GB,PHI,AWAY,38,T.Williams,CB,DEF,Y,Y,Y,0,0,0,0,0,0,0,0,0,0,0,0,0,0,0,0,0,0,0,0,0,0,0,0,0,1,10,10,0,10,0,0,0,0,0,3,0,0,0.0,0.0,0,3,0,1,0,0,0,0,0,0,0,0,0,0,0,0,0,0,0,0,0,0,0,0
12385,2010,9/12/2010,1,PHI,GB,HOME,51,A.Barnes,DE,DEF,Y,Y,N,0,0,0,0,0,0,0,0,0,0,0,0,0,0,0,0,0,0,0,0,0,0,0,0,0,0,0,0,0,0,0,0,0,0,0,2,0,0,0.0,0.0,0,0,0,0,0,0,0,0,0,0,1,0,0,0,0,0,0,0,0,0,0,0,0,0
11925,2010,9/12/2010,1,PHI,GB,HOME,90,A.Dixon,DT,DEF,Y,Y,N,0,0,0,0,0,0,0,0,0,0,0,0,0,0,0,0,0,0,0,0,0,0,0,0,0,0,0,0,0,0,0,0,0,0,0,0,0,0,0.0,0.0,0,0,0,0,0,0,0,0,0,0,0,0,0,0,0,0,0,0,0,0,0,0,0,0
11319,2010,9/12/2010,1,PHI,GB,HOME,68,A.Howard,T,OFF,N,N,N,0,0,0,0,0,0,0,0,0,0,0,0,0,0,0,0,0,0,0,0,0,0,0,0,0,0,0,0,0,0,0,0,0,0,0,0,0,0,0.0,0.0,0,0,0,0,0,0,0,0,0,0,0,0,0,0,0,0,0,0,0,0,0,0,0,0
2715,2010,9/12/2010,1,PHI,GB,HOME,56,A.Jordan,LB,DEF,Y,Y,Y,0,0,0,0,0,0,0,0,0,0,0,0,0,0,0,0,0,0,0,0,0,0,0,0,0,0,0,0,0,0,0,0,0,0,0,0,0,0,0.0,0.0,0,0,0,0,0,0,0,0,0,0,1,0,0,0,0,0,0,0,0,0,0,0,0,0
6780,2010,9/12/2010,1,PHI,GB,HOME,22,A.Samuel,CB,DEF,Y,Y,Y,0,0,0,0,0,0,0,0,0,0,0,0,0,0,0,0,0,0,0,0,0,0,0,0,0,0,0,0,0,0,0,0,0,0,0,3,0,0,0.0,0.0,0,1,0,0,0,0,0,0,0,0,0,0,0,0,0,0,0,0,0,0,0,0,0,0
6084,2010,9/12/2010,1,PHI,GB,HOME,97,B.Bunkley,DT,DEF,Y,Y,Y,0,0,0,0,0,0,0,0,0,0,0,0,0,0,0,0,0,0,0,0,0,0,0,0,0,0,0,0,0,0,0,0,0,0,0,3,2,1,0.0,0.0,0,0,0,0,0,0,0,0,0,0,0,0,0,0,0,0,0,0,0,0,0,0,0,0
5511,2010,9/12/2010,1,PHI,GB,HOME,87,B.Celek,TE,OFF,Y,Y,Y,0,0,0,0,0,0,0,0,0,0,0,0,0,0,0,0,0,4,2,32,16,0,27,0,0,0,0,0,0,0,0,0,0,0,0,0,0,0,0.0,0.0,0,0,0,0,0,0,0,0,0,0,0,0,0,0,0,0,0,0,0,0,0,0,0,0
11315,2010,9/12/2010,1,PHI,GB,HOME,54,B.Graham,DE,DEF,Y,Y,Y,0,0,0,0,0,0,0,0,0,0,0,0,0,0,0,0,0,0,0,0,0,0,0,0,0,0,0,0,0,0,0,0,0,0,0,0,0,0,0.0,0.0,0,0,0,0,0,0,0,0,0,0,0,0,0,0,0,0,0,0,0,0,0,0,0,0
11317,2010,9/12/2010,1,PHI,GB,HOME,82,C.Harbor,TE,OFF,Y,Y,N,0,0,0,0,0,0,0,0,0,0,0,0,0,0,0,0,0,0,0,0,0,0,0,0,0,0,0,0,0,0,0,0,0,0,0,0,0,0,0.0,0.0,0,0,0,0,0,0,0,0,0,0,0,0,0,0,0,0,0,0,0,0,0,0,0,0
5352,2010,9/12/2010,1,PHI,GB,HOME,2,D.Akers,K,ST,Y,Y,N,0,0,0,0,0,0,0,0,0,0,0,0,0,0,0,0,0,0,0,0,0,0,0,0,0,0,0,0,0,0,0,0,0,0,0,0,0,0,0.0,0.0,0,0,0,0,0,0,0,0,0,0,0,0,0,0,0,0,0,2,2,45,2,0,0,0
3943,2010,9/12/2010,1,PHI,GB,HOME,10,D.Jackson,WR,OFF,Y,Y,Y,0,0,0,0,0,0,0,0,0,0,0,0,0,0,0,0,0,11,4,30,7.5,0,12,1,0,2,14,7,0,10,0,0,0,0,0,0,0,0,0.0,0.0,0,0,0,0,0,0,0,0,0,0,0,0,0,0,0,0,0,0,0,0,0,0,0,0
7896,2010,9/12/2010,1,PHI,GB,HOME,23,D.Patterson,CB,DEF,Y,Y,N,0,0,0,0,0,0,0,0,0,0,0,0,0,0,0,0,0,0,0,0,0,0,0,0,0,0,0,0,0,0,0,0,0,0,0,0,0,0,0.0,0.0,0,0,0,0,0,0,0,0,0,0,0,0,0,0,0,0,0,0,0,0,0,0,0,0
11937,2010,9/12/2010,1,PHI,GB,HOME,91,D.Tapp,DE,DEF,N,N,N,0,0,0,0,0,0,0,0,0,0,0,0,0,0,0,0,0,0,0,0,0,0,0,0,0,0,0,0,0,0,0,0,0,0,0,0,0,0,0.0,0.0,0,0,0,0,0,0,0,0,0,0,0,0,0,0,0,0,0,0,0,0,0,0,0,0
12258,2010,9/12/2010,1,PHI,GB,HOME,52,D.Te'o-Nesheim,DE,DEF,N,N,N,0,0,0,0,0,0,0,0,0,0,0,0,0,0,0,0,0,0,0,0,0,0,0,0,0,0,0,0,0,0,0,0,0,0,0,0,0,0,0.0,0.0,0,0,0,0,0,0,0,0,0,0,0,0,0,0,0,0,0,0,0,0,0,0,0,0
8899,2010,9/12/2010,1,PHI,GB,HOME,34,E.Buckley,RB,OFF,Y,Y,N,0,0,0,0,0,0,0,0,0,0,0,0,0,0,0,0,0,1,1,10,10,0,10,1,1,0,0,0,0,0,0,0,0,0,0,0,0,0,0.0,0.0,0,0,0,0,0,0,0,0,0,0,0,0,0,0,0,0,0,0,0,0,0,0,0,0
8908,2010,9/12/2010,1,PHI,GB,HOME,31,E.Hobbs,CB,DEF,Y,Y,Y,0,0,0,0,0,0,0,0,0,0,0,0,0,0,0,0,0,0,0,0,0,0,0,0,0,0,0,0,0,0,4,93,23.25,0,33,4,0,0,0.0,0.0,0,0,0,0,0,0,0,0,0,0,0,0,0,0,0,0,0,0,0,0,0,0,0,0
11936,2010,9/12/2010,1,PHI,GB,HOME,50,E.Sims,LB,DEF,Y,Y,Y,0,0,0,0,0,0,0,0,0,0,0,0,0,0,0,0,0,0,0,0,0,0,0,0,0,0,0,0,0,0,0,0,0,0,0,5,0,1,0.0,0.0,0,0,0,0,0,0,0,0,0,0,0,0,0,0,0,0,0,0,0,0,0,0,0,0
12316,2010,9/12/2010,1,PHI,GB,HOME,84,H.Baskett,WR,OFF,Y,Y,N,0,0,0,0,0,0,0,0,0,0,0,0,0,0,0,0,0,0,0,0,0,0,0,0,0,0,0,0,0,0,0,0,0,0,0,0,0,0,0.0,0.0,0,0,0,0,0,0,0,0,0,0,0,0,0,0,0,0,0,0,0,0,0,0,0,0
1986,2010,9/12/2010,1,PHI,GB,HOME,81,J.Avant,WR,OFF,Y,Y,Y,0,0,0,0,0,0,0,0,0,0,0,0,0,0,0,0,0,7,4,41,10.25,0,15,0,0,0,0,0,0,0,0,0,0,0,0,0,0,0,0.0,0.0,0,0,0,0,0,0,0,0,0,0,0,0,0,0,0,0,0,0,0,0,0,0,0,0
12256,2010,9/12/2010,1,PHI,GB,HOME,38,J.Calvin,CB,DEF,Y,Y,N,0,0,0,0,0,0,0,0,0,0,0,0,0,0,0,0,0,0,0,0,0,0,0,0,0,0,0,0,0,0,0,0,0,0,0,0,0,0,0.0,0.0,0,0,0,0,0,0,0,0,0,0,0,0,0,0,0,0,0,0,0,0,0,0,0,0
12380,2010,9/12/2010,1,PHI,GB,HOME,49,J.Chaney,LB,DEF,N,N,N,0,0,0,0,0,0,0,0,0,0,0,0,0,0,0,0,0,0,0,0,0,0,0,0,0,0,0,0,0,0,0,0,0,0,0,0,0,0,0.0,0.0,0,0,0,0,0,0,0,0,0,0,0,0,0,0,0,0,0,0,0,0,0,0,0,0
7238,2010,9/12/2010,1,PHI,GB,HOME,46,J.Dorenbos,LS,ST,Y,Y,N,0,0,0,0,0,0,0,0,0,0,0,0,0,0,0,0,0,0,0,0,0,0,0,0,0,0,0,0,0,0,0,0,0,0,0,0,0,0,0.0,0.0,0,0,0,0,0,0,0,0,0,0,0,0,0,0,0,0,0,0,0,0,0,0,0,0
8004,2010,9/12/2010,1,PHI,GB,HOME,21,J.Hanson,CB,DEF,Y,Y,N,0,0,0,0,0,0,0,0,0,0,0,0,0,0,0,0,0,0,0,0,0,0,0,0,0,0,0,0,0,0,0,0,0,0,0,2,0,0,0.0,0.0,0,1,0,0,0,0,1,17,0,0,1,0,0,0,0,0,0,0,0,0,0,0,0,0
5346,2010,9/12/2010,1,PHI,GB,HOME,67,J.Jackson,C,OFF,Y,Y,Y,0,0,0,0,0,0,0,0,0,0,0,0,0,0,0,0,0,0,0,0,0,0,0,0,0,0,0,0,0,0,0,0,0,0,0,0,0,0,0.0,0.0,0,0,0,0,0,0,0,0,0,0,0,0,0,0,0,0,0,0,0,0,0,0,0,0
8914,2010,9/12/2010,1,PHI,GB,HOME,18,J.Maclin,WR,OFF,Y,Y,Y,0,0,0,0,0,0,0,0,0,0,0,0,1,11,11,0,11,5,4,38,9.5,1,17,0,0,0,0,0,0,0,0,0,0,0,0,0,0,0,0.0,0.0,0,0,0,0,0,0,0,0,0,0,0,0,0,0,0,0,0,0,0,0,0,0,0,0
6528,2010,9/12/2010,1,PHI,GB,HOME,75,J.Parker,DE,DEF,Y,Y,N,0,0,0,0,0,0,0,0,0,0,0,0,0,0,0,0,0,0,0,0,0,0,0,0,0,0,0,0,0,0,0,0,0,0,0,2,0,2,2.0,14.0,2,0,0,0,0,0,0,0,0,0,0,0,0,0,0,0,0,0,0,0,0,0,0,0
8920,2010,9/12/2010,1,PHI,GB,HOME,71,J.Peters,LT,OFF,Y,Y,Y,0,0,0,0,0,0,0,0,0,0,0,0,0,0,0,0,0,0,0,0,0,0,0,0,0,0,0,0,0,0,0,0,0,0,0,0,0,0,0.0,0.0,0,0,0,0,0,0,0,0,0,0,0,0,0,0,0,0,0,0,0,0,0,0,0,0
12259,2010,9/12/2010,1,PHI,GB,HOME,57,K.Clayton,LB,DEF,N,N,N,0,0,0,0,0,0,0,0,0,0,0,0,0,0,0,0,0,0,0,0,0,0,0,0,0,0,0,0,0,0,0,0,0,0,0,0,0,0,0.0,0.0,0,0,0,0,0,0,0,0,0,0,0,0,0,0,0,0,0,0,0,0,0,0,0,0
11311,2010,9/12/2010,1,PHI,GB,HOME,42,K.Coleman,S,DEF,Y,Y,N,0,0,0,0,0,0,0,0,0,0,0,0,0,0,0,0,0,0,0,0,0,0,0,0,0,0,0,0,0,0,0,0,0,0,0,1,0,0,0.0,0.0,0,0,0,0,0,0,0,0,0,0,1,0,0,0,0,0,0,0,0,0,0,0,0,0
8900,2010,9/12/2010,1,PHI,GB,HOME,65,K.Dunlap,T,OFF,Y,Y,N,0,0,0,0,0,0,0,0,0,0,0,0,0,0,0,0,0,0,0,0,0,0,0,0,0,0,0,0,0,0,0,0,0,0,0,0,0,0,0.0,0.0,0,0,0,0,0,0,0,0,0,0,0,0,0,0,0,0,0,0,0,0,0,0,0,0
7034,2010,9/12/2010,1,PHI,GB,HOME,4,K.Kolb,QB,OFF,Y,Y,Y,10,5,24,50,2.4,4.8,0,0,56.25,6,3,17,0,0,0,0,0,0,0,0,0,0,0,1,0,0,0,0,0,0,0,0,0,0,0,0,0,0,0.0,0.0,0,0,0,0,0,0,0,0,0,0,0,0,0,0,0,0,0,0,0,0,0,0,0,0
11932,2010,9/12/2010,1,PHI,GB,HOME,25,L.McCoy,RB,OFF,Y,Y,N,0,0,0,0,0,0,0,0,0,0,0,0,7,35,5,1,12,5,5,47,9.4,0,27,0,0,0,0,0,0,0,0,0,0,0,0,0,0,0,0.0,0.0,0,0,0,0,0,0,0,0,0,0,0,0,0,0,0,0,0,0,0,0,0,0,0,0
8924,2010,9/12/2010,1,PHI,GB,HOME,43,L.Weaver,FB,OFF,Y,Y,N,0,0,0,0,0,0,0,0,0,0,0,0,1,0,0,0,0,0,0,0,0,0,0,0,0,0,0,0,0,0,0,0,0,0,0,0,0,0,0.0,0.0,0,0,0,0,0,0,0,0,0,0,0,0,0,0,0,0,0,0,0,0,0,0,0,0
12358,2010,9/12/2010,1,PHI,GB,HOME,26,M.Bell,RB,OFF,Y,Y,N,0,0,0,0,0,0,0,0,0,0,0,0,0,0,0,0,0,0,0,0,0,0,0,0,0,0,0,0,0,0,0,0,0,0,0,0,0,0,0.0,0.0,0,0,0,0,0,0,0,0,0,0,0,0,0,0,0,0,0,0,0,0,0,0,0,0
8902,2010,9/12/2010,1,PHI,GB,HOME,53,M.Fokou,LB,DEF,Y,Y,N,0,0,0,0,0,0,0,0,0,0,0,0,0,0,0,0,0,0,0,0,0,0,0,0,0,0,0,0,0,0,0,0,0,0,0,0,0,0,0.0,0.0,0,0,0,0,0,0,0,0,0,0,2,0,0,0,0,0,0,0,0,0,0,0,0,0
1567,2010,9/12/2010,1,PHI,GB,HOME,62,M.Jean-Gilles,G,OFF,N,N,N,0,0,0,0,0,0,0,0,0,0,0,0,0,0,0,0,0,0,0,0,0,0,0,0,0,0,0,0,0,0,0,0,0,0,0,0,0,0,0.0,0.0,0,0,0,0,0,0,0,0,0,0,0,0,0,0,0,0,0,0,0,0,0,0,0,0
11323,2010,9/12/2010,1,PHI,GB,HOME,3,M.Kafka,QB,OFF,N,N,N,0,0,0,0,0,0,0,0,0,0,0,0,0,0,0,0,0,0,0,0,0,0,0,0,0,0,0,0,0,0,0,0,0,0,0,0,0,0,0.0,0.0,0,0,0,0,0,0,0,0,0,0,0,0,0,0,0,0,0,0,0,0,0,0,0,0
5378,2010,9/12/2010,1,PHI,GB,HOME,77,M.McGlynn,G,OFF,Y,Y,N,0,0,0,0,0,0,0,0,0,0,0,0,0,0,0,0,0,1,1,1,1,0,1,0,0,0,0,0,0,0,0,0,0,0,0,0,0,0,0.0,0.0,0,0,0,0,0,0,0,0,0,0,0,0,1,0,0,0,0,0,0,0,0,0,0,0
1893,2010,9/12/2010,1,PHI,GB,HOME,98,M.Patterson,DT,DEF,Y,Y,Y,0,0,0,0,0,0,0,0,0,0,0,0,0,0,0,0,0,0,0,0,0,0,0,0,0,0,0,0,0,0,0,0,0,0,0,3,0,0,0.0,0.0,0,0,0,0,0,0,0,0,0,0,0,0,0,0,0,0,0,0,0,0,0,0,0,0
9447,2010,9/12/2010,1,PHI,GB,HOME,7,M.Vick,QB,OFF,Y,Y,Y,24,16,175,67,7.29,10.94,1,0,101.91,27,3,11,11,103,9.36,0,31,0,0,0,0,0,0,0,0,0,0,0,0,0,0,0,0,0,0,0,0,0,0.0,0.0,0,0,0,0,0,0,0,0,0,0,0,0,0,0,0,0,0,0,0,0,0,0,0,0
11308,2010,9/12/2010,1,PHI,GB,HOME,29,N.Allen,S,DEF,Y,Y,Y,0,0,0,0,0,0,0,0,0,0,0,0,0,0,0,0,0,0,0,0,0,0,0,0,0,0,0,0,0,0,0,0,0,0,0,5,0,0,0.0,0.0,0,1,0,0,0,0,1,11,0,0,0,0,0,0,0,0,0,0,0,0,0,0,0,0
2355,2010,9/12/2010,1,PHI,GB,HOME,59,N.Cole,RG,OFF,Y,Y,Y,0,0,0,0,0,0,0,0,0,0,0,0,0,0,0,0,0,0,0,0,0,0,0,0,0,0,0,0,0,0,0,0,0,0,0,0,0,0,0.0,0.0,0,0,0,0,0,0,0,0,0,0,0,0,0,0,0,0,0,0,0,0,0,0,0,0
1216,2010,9/12/2010,1,PHI,GB,HOME,96,O.Gaither,LB,DEF,Y,Y,N,0,0,0,0,0,0,0,0,0,0,0,0,0,0,0,0,0,0,0,0,0,0,0,0,0,0,0,0,0,0,0,0,0,0,0,3,2,0,0.0,0.0,0,0,0,0,0,0,0,0,0,0,0,0,0,0,0,0,0,0,0,0,0,0,0,0
3380,2010,9/12/2010,1,PHI,GB,HOME,27,Q.Mikell,S,DEF,Y,Y,Y,0,0,0,0,0,0,0,0,0,0,0,0,0,0,0,0,0,0,0,0,0,0,0,0,0,0,0,0,0,0,0,0,0,0,0,4,1,0,0.0,0.0,0,1,0,0,0,0,0,0,0,0,0,0,0,0,0,0,0,0,0,0,0,0,0,0
11313,2010,9/12/2010,1,PHI,GB,HOME,14,R.Cooper,WR,OFF,Y,Y,N,0,0,0,0,0,0,0,0,0,0,0,0,0,0,0,0,0,0,0,0,0,0,0,0,0,0,0,0,0,0,0,0,0,0,0,0,0,0,0.0,0.0,0,0,0,0,0,0,0,0,0,0,0,0,0,0,0,0,0,0,0,0,0,0,0,0
12260,2010,9/12/2010,1,PHI,GB,HOME,76,R.Wells,G,OFF,N,N,N,0,0,0,0,0,0,0,0,0,0,0,0,0,0,0,0,0,0,0,0,0,0,0,0,0,0,0,0,0,0,0,0,0,0,0,0,0,0,0.0,0.0,0,0,0,0,0,0,0,0,0,0,0,0,0,0,0,0,0,0,0,0,0,0,0,0
5783,2010,9/12/2010,1,PHI,GB,HOME,55,S.Bradley,LB,DEF,Y,Y,Y,0,0,0,0,0,0,0,0,0,0,0,0,0,0,0,0,0,0,0,0,0,0,0,0,0,0,0,0,0,0,0,0,0,0,0,1,0,0,0.0,0.0,0,0,0,0,0,0,0,0,0,0,0,0,0,0,0,0,0,0,0,0,0,0,0,0
3467,2010,9/12/2010,1,PHI,GB,HOME,6,S.Rocca,P,ST,Y,Y,N,0,0,0,0,0,0,0,0,0,0,0,0,0,0,0,0,0,0,0,0,0,0,0,0,0,0,0,0,0,0,0,0,0,0,0,0,0,0,0.0,0.0,0,0,0,0,0,0,0,0,0,0,0,0,0,0,5,249,49.8,0,0,0,0,0,0,0
1750,2010,9/12/2010,1,PHI,GB,HOME,58,T.Cole,DE,DEF,Y,Y,Y,0,0,0,0,0,0,0,0,0,0,0,0,0,0,0,0,0,0,0,0,0,0,0,0,0,0,0,0,0,0,0,0,0,0,0,6,0,2,1.0,7.0,1,0,0,0,0,0,0,0,0,0,0,0,0,0,0,0,0,0,0,0,0,0,0,0
3158,2010,9/12/2010,1,PHI,GB,HOME,79,T.Herremans,LG,OFF,Y,Y,Y,0,0,0,0,0,0,0,0,0,0,0,0,0,0,0,0,0,0,0,0,0,0,0,0,0,0,0,0,0,0,0,0,0,0,0,0,0,0,0.0,0.0,0,0,0,0,0,0,0,0,0,0,0,0,0,0,0,0,0,0,0,0,0,0,0,0
6107,2010,9/12/2010,1,PHI,GB,HOME,93,T.Laws,DT,DEF,Y,Y,N,0,0,0,0,0,0,0,0,0,0,0,0,0,0,0,0,0,0,0,0,0,0,0,0,0,0,0,0,0,0,0,0,0,0,0,0,0,0,0.0,0.0,0,0,0,0,0,0,0,0,0,0,0,0,0,0,0,0,0,0,0,0,0,0,0,0
11325,2010,9/12/2010,1,PHI,GB,HOME,35,T.Lindley,CB,DEF,Y,Y,N,0,0,0,0,0,0,0,0,0,0,0,0,0,0,0,0,0,0,0,0,0,0,0,0,0,0,0,0,0,0,0,0,0,0,0,0,0,0,0.0,0.0,0,0,0,0,0,0,0,0,0,0,0,0,0,0,0,0,0,0,0,0,0,0,0,0
2878,2010,9/12/2010,1,PHI,GB,HOME,74,W.Justice,RT,OFF,Y,Y,Y,0,0,0,0,0,0,0,0,0,0,0,0,0,0,0,0,0,0,0,0,0,0,0,0,0,0,0,0,0,0,0,0,0,0,0,0,0,0,0.0,0.0,0,0,0,0,0,0,0,0,0,0,0,0,0,0,0,0,0,0,0,0,0,0,0,0
12156,2010,9/19/2010,2,BUF,GB,AWAY,50,A.Ayodele,LB,DEF,Y,Y,N,0,0,0,0,0,0,0,0,0,0,0,0,0,0,0,0,0,0,0,0,0,0,0,0,0,0,0,0,0,0,0,0,0,0,0,0,1,0,0.0,0.0,0,0,0,0,0,0,0,0,0,0,0,0,0,0,0,0,0,0,0,0,0,0,0,0
10935,2010,9/19/2010,2,BUF,GB,AWAY,92,A.Carrington,DE,DEF,N,N,N,0,0,0,0,0,0,0,0,0,0,0,0,0,0,0,0,0,0,0,0,0,0,0,0,0,0,0,0,0,0,0,0,0,0,0,0,0,0,0.0,0.0,0,0,0,0,0,0,0,0,0,0,0,0,0,0,0,0,0,0,0,0,0,0,0,0
10936,2010,9/19/2010,2,BUF,GB,AWAY,59,A.Coleman,LB,DEF,N,N,N,0,0,0,0,0,0,0,0,0,0,0,0,0,0,0,0,0,0,0,0,0,0,0,0,0,0,0,0,0,0,0,0,0,0,0,0,0,0,0.0,0.0,0,0,0,0,0,0,0,0,0,0,0,0,0,0,0,0,0,0,0,0,0,0,0,0
11644,2010,9/19/2010,2,BUF,GB,AWAY,54,A.Davis,LB,DEF,Y,Y,Y,0,0,0,0,0,0,0,0,0,0,0,0,0,0,0,0,0,0,0,0,0,0,0,0,0,0,0,0,0,0,0,0,0,0,0,5,2,0,0.0,0.0,0,0,1,0,0,0,0,0,0,0,0,0,0,0,0,0,0,0,0,0,0,0,0,0
8296,2010,9/19/2010,2,BUF,GB,AWAY,67,A.Levitre,LG,OFF,Y,Y,Y,0,0,0,0,0,0,0,0,0,0,0,0,0,0,0,0,0,0,0,0,0,0,0,0,0,0,0,0,0,0,0,0,0,0,0,0,0,0,0.0,0.0,0,0,0,0,0,0,0,0,0,0,0,0,0,0,0,0,0,0,0,0,0,0,0,0
8297,2010,9/19/2010,2,BUF,GB,AWAY,58,A.Maybin,LB,DEF,Y,Y,N,0,0,0,0,0,0,0,0,0,0,0,0,0,0,0,0,0,0,0,0,0,0,0,0,0,0,0,0,0,0,0,0,0,0,0,0,0,0,0.0,0.0,0,0,0,0,0,0,0,0,0,0,0,0,0,0,0,0,0,0,0,0,0,0,0,0
12157,2010,9/19/2010,2,BUF,GB,AWAY,52,A.Moats,LB,DEF,Y,Y,N,0,0,0,0,0,0,0,0,0,0,0,0,0,0,0,0,0,0,0,0,0,0,0,0,0,0,0,0,0,0,0,0,0,0,0,0,0,0,0.0,0.0,0,0,0,0,0,0,0,0,0,0,2,0,0,0,0,0,0,0,0,0,0,0,0,0
2354,2010,9/19/2010,2,BUF,GB,AWAY,26,A.Youboty,CB,DEF,Y,Y,N,0,0,0,0,0,0,0,0,0,0,0,0,0,0,0,0,0,0,0,0,0,0,0,0,0,0,0,0,0,0,0,0,0,0,0,0,0,0,0.0,0.0,0,0,0,0,0,0,0,0,0,0,0,0,0,0,0,0,0,0,0,0,0,0,0,0
10146,2010,9/19/2010,2,BUF,GB,AWAY,4,B.Brohm,QB,OFF,N,N,N,0,0,0,0,0,0,0,0,0,0,0,0,0,0,0,0,0,0,0,0,0,0,0,0,0,0,0,0,0,0,0,0,0,0,0,0,0,0,0.0,0.0,0,0,0,0,0,0,0,0,0,0,0,0,0,0,0,0,0,0,0,0,0,0,0,0
745,2010,9/19/2010,2,BUF,GB,AWAY,8,B.Moorman,P,ST,Y,Y,N,0,0,0,0,0,0,0,0,0,0,0,0,0,0,0,0,0,0,0,0,0,0,0,0,0,0,0,0,0,0,0,0,0,0,0,0,0,0,0.0,0.0,0,0,0,0,0,0,0,0,0,0,0,0,0,0,5,232,46.4,0,0,0,0,0,0,0
3059,2010,9/19/2010,2,BUF,GB,AWAY,43,B.Scott,S,DEF,Y,Y,N,0,0,0,0,0,0,0,0,0,0,0,0,0,0,0,0,0,0,0,0,0,0,0,0,0,0,0,0,0,0,0,0,0,0,0,2,1,1,0.0,0.0,0,0,0,0,0,0,0,0,0,0,0,0,0,0,0,0,0,0,0,0,0,0,0,0
392,2010,9/19/2010,2,BUF,GB,AWAY,93,C.Ellis,LB,DEF,Y,Y,N,0,0,0,0,0,0,0,0,0,0,0,0,0,0,0,0,0,0,0,0,0,0,0,0,0,0,0,0,0,0,0,0,0,0,0,0,0,0,0.0,0.0,0,0,0,0,0,0,0,0,0,0,0,0,0,0,0,0,0,0,0,0,0,0,0,0
11648,2010,9/19/2010,2,BUF,GB,AWAY,74,C.Green,RT,OFF,Y,Y,Y,0,0,0,0,0,0,0,0,0,0,0,0,0,0,0,0,0,0,0,0,0,0,0,0,0,0,0,0,0,0,0,0,0,0,0,0,0,0,0.0,0.0,0,0,0,0,0,0,0,0,0,0,0,0,0,0,0,0,0,0,0,0,0,0,0,0
10943,2010,9/19/2010,2,BUF,GB,AWAY,68,C.Howard,G,OFF,Y,Y,N,0,0,0,0,0,0,0,0,0,0,0,0,0,0,0,0,0,0,0,0,0,0,0,0,0,0,0,0,0,0,0,0,0,0,0,0,0,0,0.0,0.0,0,0,0,0,0,0,0,0,0,0,0,0,0,0,0,0,0,0,0,0,0,0,0,0
3552,2010,9/19/2010,2,BUF,GB,AWAY,90,C.Kelsay,LB,DEF,Y,Y,Y,0,0,0,0,0,0,0,0,0,0,0,0,0,0,0,0,0,0,0,0,0,0,0,0,0,0,0,0,0,0,0,0,0,0,0,7,1,0,0.0,0.0,1,0,0,0,0,0,0,0,0,0,0,0,0,0,0,0,0,0,0,0,0,0,0,0
4772,2010,9/19/2010,2,BUF,GB,AWAY,38,C.McIntyre,FB,OFF,Y,Y,Y,0,0,0,0,0,0,0,0,0,0,0,0,1,2,2,0,2,0,0,0,0,0,0,0,0,0,0,0,0,0,0,0,0,0,0,0,0,0,0.0,0.0,0,0,0,0,0,0,0,0,0,0,0,0,0,0,0,0,0,0,0,0,0,0,0,0
10949,2010,9/19/2010,2,BUF,GB,AWAY,21,C.Spiller,RB,OFF,Y,Y,N,0,0,0,0,0,0,0,0,0,0,0,0,1,3,3,0,3,4,4,23,5.75,0,7,0,0,0,0,0,0,0,6,174,29,0,41,0,0,0,0.0,0.0,0,0,0,0,0,0,0,0,0,0,0,0,0,0,0,0,0,0,0,0,0,0,0,0
8288,2010,9/19/2010,2,BUF,GB,AWAY,47,Ca.Harris,S,DEF,N,N,N,0,0,0,0,0,0,0,0,0,0,0,0,0,0,0,0,0,0,0,0,0,0,0,0,0,0,0,0,0,0,0,0,0,0,0,0,0,0,0.0,0.0,0,0,0,0,0,0,0,0,0,0,0,0,0,0,0,0,0,0,0,0,0,0,0,0
1657,2010,9/19/2010,2,BUF,GB,AWAY,77,D.Bell,LT,OFF,Y,Y,Y,0,0,0,0,0,0,0,0,0,0,0,0,0,0,0,0,0,0,0,0,0,0,0,0,0,0,0,0,0,0,0,0,0,0,0,0,0,0,0.0,0.0,0,0,0,0,0,0,0,0,0,0,0,0,0,0,0,0,0,0,0,0,0,0,0,0
11646,2010,9/19/2010,2,BUF,GB,AWAY,98,D.Edwards,DE,DEF,Y,Y,Y,0,0,0,0,0,0,0,0,0,0,0,0,0,0,0,0,0,0,0,0,0,0,0,0,0,0,0,0,0,0,0,0,0,0,0,4,1,0,0.0,0.0,0,0,0,0,0,0,0,0,0,0,0,0,0,0,0,0,0,0,0,0,0,0,0,0
8284,2010,9/19/2010,2,BUF,GB,AWAY,29,D.Florence,CB,DEF,Y,Y,Y,0,0,0,0,0,0,0,0,0,0,0,0,0,0,0,0,0,0,0,0,0,0,0,0,0,0,0,0,0,0,0,0,0,0,0,2,0,0,0.0,0.0,0,0,0,0,0,0,0,0,0,0,0,0,0,0,0,0,0,0,0,0,0,0,0,0
10944,2010,9/19/2010,2,BUF,GB,AWAY,19,D.Jones,WR,OFF,Y,Y,N,0,0,0,0,0,0,0,0,0,0,0,0,0,0,0,0,0,0,0,0,0,0,0,0,0,0,0,0,0,0,1,18,18,0,18,0,0,0,0.0,0.0,0,0,0,0,0,0,0,0,0,0,0,0,0,0,0,0,0,0,0,0,0,0,0,0
12159,2010,9/19/2010,2,BUF,GB,AWAY,80,D.Martin,TE,OFF,Y,Y,N,0,0,0,0,0,0,0,0,0,0,0,0,0,0,0,0,0,0,0,0,0,0,0,0,0,0,0,0,0,0,0,0,0,0,0,0,0,0,0.0,0.0,0,0,0,0,0,0,0,0,0,0,0,0,0,0,0,0,0,0,0,0,0,0,0,0
10946,2010,9/19/2010,2,BUF,GB,AWAY,86,D.Nelson,WR,OFF,Y,Y,N,0,0,0,0,0,0,0,0,0,0,0,0,0,0,0,0,0,1,0,0,0,0,0,0,0,0,0,0,0,0,0,0,0,0,0,0,0,0,0.0,0.0,0,0,0,0,0,0,0,0,0,0,0,0,0,0,0,0,0,0,0,0,0,0,0,0
5442,2010,9/19/2010,2,BUF,GB,AWAY,20,D.Whitner,S,DEF,Y,Y,Y,0,0,0,0,0,0,0,0,0,0,0,0,0,0,0,0,0,0,0,0,0,0,0,0,0,0,0,0,0,0,0,0,0,0,0,1,2,0,0.0,0.0,0,0,0,0,0,0,0,0,0,0,0,0,0,0,0,0,0,0,0,0,0,0,0,0
10951,2010,9/19/2010,2,BUF,GB,AWAY,71,E.Wang,T,OFF,N,N,N,0,0,0,0,0,0,0,0,0,0,0,0,0,0,0,0,0,0,0,0,0,0,0,0,0,0,0,0,0,0,0,0,0,0,0,0,0,0,0.0,0.0,0,0,0,0,0,0,0,0,0,0,0,0,0,0,0,0,0,0,0,0,0,0,0,0
8316,2010,9/19/2010,2,BUF,GB,AWAY,70,E.Wood,RG,OFF,Y,Y,Y,0,0,0,0,0,0,0,0,0,0,0,0,0,0,0,0,0,0,0,0,0,0,0,0,0,0,0,0,0,0,0,0,0,0,0,0,0,0,0.0,0.0,0,0,0,0,0,0,0,0,0,0,0,0,0,0,0,0,0,0,0,0,0,0,0,0
5701,2010,9/19/2010,2,BUF,GB,AWAY,22,F.Jackson,RB,OFF,Y,Y,N,0,0,0,0,0,0,0,0,0,0,0,0,9,39,4.33,1,11,1,0,0,0,0,0,0,0,0,0,0,0,0,0,0,0,0,0,0,0,0,0.0,0.0,0,0,0,0,0,0,0,0,0,0,0,0,0,0,0,0,0,0,0,0,0,0,0,0
8286,2010,9/19/2010,2,BUF,GB,AWAY,63,G.Hangartner,C,OFF,Y,Y,Y,0,0,0,0,0,0,0,0,0,0,0,0,0,0,0,0,0,0,0,0,0,0,0,0,0,0,0,0,0,0,0,0,0,0,0,0,0,0,0.0,0.0,0,0,0,0,0,0,0,0,0,0,0,0,0,0,0,0,0,0,0,0,0,0,0,0
9700,2010,9/19/2010,2,BUF,GB,AWAY,65,G.Sanborn,LS,ST,Y,Y,N,0,0,0,0,0,0,0,0,0,0,0,0,0,0,0,0,0,0,0,0,0,0,0,0,0,0,0,0,0,0,0,0,0,0,0,0,0,0,0.0,0.0,0,0,0,0,0,0,0,0,0,0,0,0,0,0,0,0,0,0,0,0,0,0,0,0
5483,2010,9/19/2010,2,BUF,GB,AWAY,37,G.Wilson,S,DEF,Y,Y,N,0,0,0,0,0,0,0,0,0,0,0,0,0,0,0,0,0,0,0,0,0,0,0,0,0,0,0,0,0,0,0,0,0,0,0,0,0,0,0.0,0.0,0,0,0,0,0,0,0,0,0,0,0,0,0,0,0,0,0,0,0,0,0,0,0,0
8281,2010,9/19/2010,2,BUF,GB,AWAY,31,J.Byrd,S,DEF,Y,Y,Y,0,0,0,0,0,0,0,0,0,0,0,0,0,0,0,0,0,0,0,0,0,0,0,0,0,0,0,0,0,0,0,0,0,0,0,3,1,0,0.0,0.0,0,0,0,0,0,0,0,0,0,0,0,0,0,0,0,0,0,0,0,0,0,0,0,0
404,2010,9/19/2010,2,BUF,GB,AWAY,97,J.McCargo,DE,DEF,N,N,N,0,0,0,0,0,0,0,0,0,0,0,0,0,0,0,0,0,0,0,0,0,0,0,0,0,0,0,0,0,0,0,0,0,0,0,0,0,0,0.0,0.0,0,0,0,0,0,0,0,0,0,0,0,0,0,0,0,0,0,0,0,0,0,0,0,0
9892,2010,9/19/2010,2,BUF,GB,AWAY,69,J.Meredith,T,OFF,Y,Y,N,0,0,0,0,0,0,0,0,0,0,0,0,0,0,0,0,0,0,0,0,0,0,0,0,0,0,0,0,0,0,0,0,0,0,0,0,0,0,0.0,0.0,0,0,0,0,0,0,0,0,0,0,0,0,0,0,0,0,0,0,0,0,0,0,0,0
9893,2010,9/19/2010,2,BUF,GB,AWAY,88,J.Stupar,TE,OFF,Y,Y,Y,0,0,0,0,0,0,0,0,0,0,0,0,0,0,0,0,0,2,2,14,7,0,9,0,0,0,0,0,0,0,0,0,0,0,0,0,0,0,0.0,0.0,0,0,0,0,0,0,0,0,0,0,0,0,0,0,0,0,0,0,0,0,0,0,0,0
851,2010,9/19/2010,2,BUF,GB,AWAY,56,K.Ellison,LB,DEF,Y,Y,Y,0,0,0,0,0,0,0,0,0,0,0,0,0,0,0,0,0,0,0,0,0,0,0,0,0,0,0,0,0,0,0,0,0,0,0,5,0,0,0.0,0.0,0,1,0,0,0,0,0,0,0,0,1,0,0,0,0,0,0,0,0,0,0,0,0,0
12158,2010,9/19/2010,2,BUF,GB,AWAY,60,K.Urbik,G,OFF,N,N,N,0,0,0,0,0,0,0,0,0,0,0,0,0,0,0,0,0,0,0,0,0,0,0,0,0,0,0,0,0,0,0,0,0,0,0,0,0,0,0.0,0.0,0,0,0,0,0,0,0,0,0,0,0,0,0,0,0,0,0,0,0,0,0,0,0,0
2550,2010,9/19/2010,2,BUF,GB,AWAY,95,K.Williams,NT,DEF,Y,Y,Y,0,0,0,0,0,0,0,0,0,0,0,0,0,0,0,0,0,0,0,0,0,0,0,0,0,0,0,0,0,0,0,0,0,0,0,3,0,1,0.0,0.0,1,0,0,0,0,0,0,0,0,0,0,0,0,0,0,0,0,0,0,0,0,0,0,0
1154,2010,9/19/2010,2,BUF,GB,AWAY,83,L.Evans,WR,OFF,Y,Y,Y,0,0,0,0,0,0,0,0,0,0,0,0,0,0,0,0,0,0,0,0,0,0,0,0,0,0,0,0,0,0,0,0,0,0,0,0,0,0,0.0,0.0,0,0,0,0,0,0,0,0,0,0,0,0,1,0,0,0,0,0,0,0,0,0,0,0
5035,2010,9/19/2010,2,BUF,GB,AWAY,28,L.McKelvin,CB,DEF,Y,Y,N,0,0,0,0,0,0,0,0,0,0,0,0,0,0,0,0,0,0,0,0,0,0,0,0,0,0,0,0,0,0,0,0,0,0,0,4,0,1,0.0,0.0,0,0,1,0,0,0,0,0,0,0,0,0,0,0,0,0,0,0,0,0,0,0,0,0
12386,2010,9/19/2010,2,BUF,GB,AWAY,23,M.Lynch,RB,OFF,Y,Y,Y,0,0,0,0,0,0,0,0,0,0,0,0,17,64,3.76,0,14,0,0,0,0,0,0,0,0,0,0,0,0,0,0,0,0,0,0,0,0,0,0.0,0.0,0,0,0,0,0,0,0,0,0,0,0,0,0,0,0,0,0,0,0,0,0,0,0,0
3609,2010,9/19/2010,2,BUF,GB,AWAY,99,M.Stroud,DE,DEF,Y,Y,Y,0,0,0,0,0,0,0,0,0,0,0,0,0,0,0,0,0,0,0,0,0,0,0,0,0,0,0,0,0,0,0,0,0,0,0,2,1,0,0.0,0.0,0,0,0,0,0,0,0,0,0,0,0,0,0,0,0,0,0,0,0,0,0,0,0,0
4162,2010,9/19/2010,2,BUF,GB,AWAY,51,P.Posluszny,LB,DEF,N,N,N,0,0,0,0,0,0,0,0,0,0,0,0,0,0,0,0,0,0,0,0,0,0,0,0,0,0,0,0,0,0,0,0,0,0,0,0,0,0,0.0,0.0,0,0,0,0,0,0,0,0,0,0,0,0,0,0,0,0,0,0,0,0,0,0,0,0
5792,2010,9/19/2010,2,BUF,GB,AWAY,27,R.Corner,CB,DEF,Y,Y,N,0,0,0,0,0,0,0,0,0,0,0,0,0,0,0,0,0,0,0,0,0,0,0,0,0,0,0,0,0,0,0,0,0,0,0,1,0,0,0.0,0.0,0,0,0,0,0,0,0,0,0,0,2,0,0,0,0,0,0,0,0,0,0,0,0,0
8283,2010,9/19/2010,2,BUF,GB,AWAY,14,R.Fitzpatrick,QB,OFF,Y,N,N,0,0,0,0,0,0,0,0,0,0,0,0,0,0,0,0,0,0,0,0,0,0,0,0,0,0,0,0,0,0,0,0,0,0,0,0,0,0,0.0,0.0,0,0,0,0,0,0,0,0,0,0,0,0,0,0,0,0,0,0,0,0,0,0,0,0
6410,2010,9/19/2010,2,BUF,GB,AWAY,9,R.Lindell,K,ST,Y,Y,N,0,0,0,0,0,0,0,0,0,0,0,0,0,0,0,0,0,0,0,0,0,0,0,0,0,0,0,0,0,0,0,0,0,0,0,0,0,0,0.0,0.0,0,0,0,0,0,0,0,0,0,0,0,0,0,0,0,0,0,0,0,0,1,0,0,0
3098,2010,9/19/2010,2,BUF,GB,AWAY,11,R.Parrish,WR,OFF,Y,Y,Y,0,0,0,0,0,0,0,0,0,0,0,0,1,4,4,0,4,4,2,34,17,0,21,0,0,1,0,0,0,0,0,0,0,0,0,0,0,0,0.0,0.0,0,0,0,0,0,0,0,0,0,0,0,0,1,0,0,0,0,0,0,0,0,0,0,0
11656,2010,9/19/2010,2,BUF,GB,AWAY,53,R.Torbor,LB,DEF,Y,Y,Y,0,0,0,0,0,0,0,0,0,0,0,0,0,0,0,0,0,0,0,0,0,0,0,0,0,0,0,0,0,0,0,0,0,0,0,0,1,0,0.0,0.0,0,0,0,0,0,0,0,0,0,0,0,0,0,0,0,0,0,0,0,0,0,0,0,0
8054,2010,9/19/2010,2,BUF,GB,AWAY,91,Sp.Johnson,DE,DEF,Y,Y,N,0,0,0,0,0,0,0,0,0,0,0,0,0,0,0,0,0,0,0,0,0,0,0,0,0,0,0,0,0,0,0,0,0,0,0,1,2,0,0.0,0.0,0,0,0,0,0,0,0,0,0,0,0,0,0,0,0,0,0,0,0,0,0,0,0,0
2950,2010,9/19/2010,2,BUF,GB,AWAY,13,St.Johnson,WR,OFF,Y,Y,N,0,0,0,0,0,0,0,0,0,0,0,0,0,0,0,0,0,6,3,31,10.33,0,15,0,0,0,0,0,0,0,0,0,0,0,0,0,0,0,0.0,0.0,0,0,0,0,0,0,0,0,0,0,0,0,0,0,0,0,0,0,0,0,0,0,0,0
12335,2010,9/19/2010,2,BUF,GB,AWAY,5,T.Edwards,QB,OFF,Y,Y,Y,18,11,102,61,5.67,9.27,0,2,37.04,21,4,40,3,12,4,0,7,0,0,0,0,0,0,0,0,0,0,0,0,0,0,0,0,0,0,0,0,0,0.0,0.0,0,0,0,0,0,0,0,0,0,0,0,0,0,0,0,0,0,0,0,0,0,0,0,0
4526,2010,9/19/2010,2,BUF,GB,AWAY,24,T.McGee,CB,DEF,Y,Y,Y,0,0,0,0,0,0,0,0,0,0,0,0,0,0,0,0,0,0,0,0,0,0,0,0,0,0,0,0,0,0,0,0,0,0,0,1,0,0,0.0,0.0,0,0,0,0,0,0,0,0,0,0,0,0,0,0,0,0,0,0,0,0,0,0,0,0
10950,2010,9/19/2010,2,BUF,GB,AWAY,96,T.Troup,NT,DEF,Y,Y,N,0,0,0,0,0,0,0,0,0,0,0,0,0,0,0,0,0,0,0,0,0,0,0,0,0,0,0,0,0,0,0,0,0,0,0,1,0,0,0.0,0.0,0,1,0,0,0,0,0,0,0,0,0,0,0,0,0,0,0,0,0,0,0,0,0,0
6506,2010,9/19/2010,2,GB,BUF,HOME,50,A.Hawk,LB,DEF,Y,Y,Y,0,0,0,0,0,0,0,0,0,0,0,0,0,0,0,0,0,0,0,0,0,0,0,0,0,0,0,0,0,0,0,0,0,0,0,4,5,0,0.0,0.0,2,0,0,0,0,0,0,0,0,0,0,0,0,0,0,0,0,0,0,0,0,0,0,0
11400,2010,9/19/2010,2,GB,BUF,HOME,81,A.Quarless,TE,OFF,N,N,N,0,0,0,0,0,0,0,0,0,0,0,0,0,0,0,0,0,0,0,0,0,0,0,0,0,0,0,0,0,0,0,0,0,0,0,0,0,0,0.0,0.0,0,0,0,0,0,0,0,0,0,0,0,0,0,0,0,0,0,0,0,0,0,0,0,0
2593,2010,9/19/2010,2,GB,BUF,HOME,12,A.Rodgers,QB,OFF,Y,Y,Y,29,19,255,66,8.79,13.42,2,0,116.31,34,0,0,5,20,4,1,12,0,0,0,0,0,0,0,0,0,0,0,0,0,0,0,0,0,0,0,0,0,0.0,0.0,0,0,0,0,0,0,0,0,0,0,0,0,0,0,0,0,0,0,0,0,0,0,0,0
11385,2010,9/19/2010,2,GB,BUF,HOME,75,B.Bulaga,OT,OFF,Y,Y,N,0,0,0,0,0,0,0,0,0,0,0,0,0,0,0,0,0,0,0,0,0,0,0,0,0,0,0,0,0,0,0,0,0,0,0,0,0,0,0.0,0.0,0,0,0,0,0,0,0,0,0,0,0,0,0,0,0,0,0,0,0,0,0,0,0,0
8242,2010,9/19/2010,2,GB,BUF,HOME,54,B.Chillar,LB,DEF,Y,Y,N,0,0,0,0,0,0,0,0,0,0,0,0,0,0,0,0,0,0,0,0,0,0,0,0,0,0,0,0,0,0,0,0,0,0,0,1,1,0,0.0,0.0,0,1,0,0,0,0,1,9,0,0,1,0,0,0,0,0,0,0,0,0,0,0,0,0
5633,2010,9/19/2010,2,GB,BUF,HOME,61,B.Goode,LS,ST,Y,Y,N,0,0,0,0,0,0,0,0,0,0,0,0,0,0,0,0,0,0,0,0,0,0,0,0,0,0,0,0,0,0,0,0,0,0,0,0,0,0,0.0,0.0,0,0,0,0,0,0,0,0,0,0,0,0,0,0,0,0,0,0,0,0,0,0,0,0
3898,2010,9/19/2010,2,GB,BUF,HOME,32,B.Jackson,RB,OFF,Y,Y,Y,0,0,0,0,0,0,0,0,0,0,0,0,11,29,2.64,1,6,1,1,10,10,0,10,0,0,0,0,0,0,0,0,0,0,0,0,0,0,0,0.0,0.0,0,0,0,0,0,0,0,0,0,0,0,0,0,0,0,0,0,0,0,0,0,0,0,0
9049,2010,9/19/2010,2,GB,BUF,HOME,59,B.Jones,LB,DEF,Y,Y,Y,0,0,0,0,0,0,0,0,0,0,0,0,0,0,0,0,0,0,0,0,0,0,0,0,0,0,0,0,0,0,0,0,0,0,0,1,2,0,0.0,0.0,0,0,0,0,0,0,0,0,0,0,0,0,0,0,0,0,0,0,0,0,0,0,0,0
4091,2010,9/19/2010,2,GB,BUF,HOME,51,B.Poppinga,LB,DEF,Y,Y,N,0,0,0,0,0,0,0,0,0,0,0,0,0,0,0,0,0,0,0,0,0,0,0,0,0,0,0,0,0,0,0,0,0,0,0,1,0,0,0.0,0.0,0,0,0,0,0,0,0,0,0,0,1,1,0,0,0,0,0,0,0,0,0,0,0,0
9057,2010,9/19/2010,2,GB,BUF,HOME,90,B.Raji,NT,DEF,Y,Y,Y,0,0,0,0,0,0,0,0,0,0,0,0,0,0,0,0,0,0,0,0,0,0,0,0,0,0,0,0,0,0,0,0,0,0,0,1,1,0,0.0,0.0,0,0,0,0,0,0,0,0,0,0,0,0,0,0,0,0,0,0,0,0,0,0,0,0
9061,2010,9/19/2010,2,GB,BUF,HOME,16,B.Swain,WR,OFF,Y,Y,N,0,0,0,0,0,0,0,0,0,0,0,0,0,0,0,0,0,0,0,0,0,0,0,0,0,0,0,0,0,0,0,0,0,0,0,0,0,0,0.0,0.0,0,0,0,0,0,0,0,0,0,0,0,0,0,0,0,0,0,0,0,0,0,0,0,0
12193,2010,9/19/2010,2,GB,BUF,HOME,28,B.Underwood,CB,DEF,N,N,N,0,0,0,0,0,0,0,0,0,0,0,0,0,0,0,0,0,0,0,0,0,0,0,0,0,0,0,0,0,0,0,0,0,0,0,0,0,0,0.0,0.0,0,0,0,0,0,0,0,0,0,0,0,0,0,0,0,0,0,0,0,0,0,0,0,0
7593,2010,9/19/2010,2,GB,BUF,HOME,76,C.Clifton,LT,OFF,Y,Y,Y,0,0,0,0,0,0,0,0,0,0,0,0,0,0,0,0,0,0,0,0,0,0,0,0,0,0,0,0,0,0,0,0,0,0,0,0,0,0,0.0,0.0,0,0,0,0,0,0,0,0,0,0,0,0,0,0,0,0,0,0,0,0,0,0,0,0
5984,2010,9/19/2010,2,GB,BUF,HOME,77,C.Jenkins,DE,DEF,Y,Y,Y,0,0,0,0,0,0,0,0,0,0,0,0,0,0,0,0,0,0,0,0,0,0,0,0,0,0,0,0,0,0,0,0,0,0,0,2,1,1,1.0,7.0,1,0,0,0,0,0,0,0,0,0,0,0,0,0,0,0,0,0,0,0,0,0,0,0
9051,2010,9/19/2010,2,GB,BUF,HOME,52,C.Matthews,LB,DEF,Y,Y,Y,0,0,0,0,0,0,0,0,0,0,0,0,0,0,0,0,0,0,0,0,0,0,0,0,0,0,0,0,0,0,0,0,0,0,0,5,0,4,3.0,33.0,5,0,0,0,0,0,0,0,0,0,0,0,0,0,0,0,0,0,0,0,0,0,0,0
10085,2010,9/19/2010,2,GB,BUF,HOME,26,C.Peprah,S,DEF,Y,Y,N,0,0,0,0,0,0,0,0,0,0,0,0,0,0,0,0,0,0,0,0,0,0,0,0,0,0,0,0,0,0,0,0,0,0,0,0,0,0,0.0,0.0,0,0,0,0,0,0,0,0,0,0,0,0,0,0,0,0,0,0,0,0,0,0,0,0
11405,2010,9/19/2010,2,GB,BUF,HOME,98,C.Wilson,DE,DEF,Y,Y,N,0,0,0,0,0,0,0,0,0,0,0,0,0,0,0,0,0,0,0,0,0,0,0,0,0,0,0,0,0,0,0,0,0,0,0,1,0,0,0.0,0.0,1,0,0,0,0,0,0,0,0,0,0,0,0,0,0,0,0,0,0,0,0,0,0,0
2670,2010,9/19/2010,2,GB,BUF,HOME,21,C.Woodson,CB,DEF,Y,Y,Y,0,0,0,0,0,0,0,0,0,0,0,0,0,0,0,0,0,0,0,0,0,0,0,0,0,0,0,0,0,0,0,0,0,0,0,5,0,1,0.0,0.0,1,0,0,0,0,0,0,0,0,0,0,0,0,0,0,0,0,0,0,0,0,0,0,0
1003,2010,9/19/2010,2,GB,BUF,HOME,55,D.Bishop,LB,DEF,N,N,N,0,0,0,0,0,0,0,0,0,0,0,0,0,0,0,0,0,0,0,0,0,0,0,0,0,0,0,0,0,0,0,0,0,0,0,0,0,0,0.0,0.0,0,0,0,0,0,0,0,0,0,0,0,0,0,0,0,0,0,0,0,0,0,0,0,0
4244,2010,9/19/2010,2,GB,BUF,HOME,73,D.Colledge,LG,OFF,Y,Y,Y,0,0,0,0,0,0,0,0,0,0,0,0,0,0,0,0,0,0,0,0,0,0,0,0,0,0,0,0,0,0,0,0,0,0,0,0,0,0,0.0,0.0,0,0,0,0,0,0,0,0,0,0,0,0,0,0,0,0,0,0,0,0,0,0,0,0
7452,2010,9/19/2010,2,GB,BUF,HOME,80,D.Driver,WR,OFF,Y,Y,Y,0,0,0,0,0,0,0,0,0,0,0,0,0,0,0,0,0,5,4,38,9.5,1,13,0,0,0,0,0,0,0,0,0,0,0,0,0,0,0,0.0,0.0,0,0,0,0,0,0,0,0,0,0,0,0,0,0,0,0,0,0,0,0,0,0,0,0
6351,2010,9/19/2010,2,GB,BUF,HOME,86,D.Lee,TE,OFF,Y,Y,N,0,0,0,0,0,0,0,0,0,0,0,0,0,0,0,0,0,1,1,-1,-1,0,-1,0,0,0,0,0,0,0,0,0,0,0,0,0,0,0,0.0,0.0,0,0,0,0,0,0,0,0,0,0,2,0,0,0,0,0,0,0,0,0,0,0,0,0
9690,2010,9/19/2010,2,GB,BUF,HOME,29,D.Martin,S,DEF,Y,Y,N,0,0,0,0,0,0,0,0,0,0,0,0,0,0,0,0,0,0,0,0,0,0,0,0,0,0,0,0,0,0,0,0,0,0,0,0,0,0,0.0,0.0,0,0,0,0,0,0,0,0,0,0,1,1,0,0,0,0,0,0,0,0,0,0,0,0
12192,2010,9/19/2010,2,GB,BUF,HOME,23,D.Nance,RB,OFF,Y,Y,N,0,0,0,0,0,0,0,0,0,0,0,0,2,6,3,0,4,0,0,0,0,0,0,0,0,0,0,0,0,0,0,0,0,0,0,0,0,0,0.0,0.0,0,0,0,0,0,0,0,0,0,0,0,0,0,0,0,0,0,0,0,0,0,0,0,0
12195,2010,9/19/2010,2,GB,BUF,HOME,58,F.Zombo,LB,DEF,Y,Y,N,0,0,0,0,0,0,0,0,0,0,0,0,0,0,0,0,0,0,0,0,0,0,0,0,0,0,0,0,0,0,0,0,0,0,0,0,0,0,0.0,0.0,0,0,0,0,0,0,0,0,0,0,0,0,0,0,0,0,0,0,0,0,0,0,0,0
6597,2010,9/19/2010,2,GB,BUF,HOME,85,G.Jennings,WR,OFF,Y,Y,Y,0,0,0,0,0,0,0,0,0,0,0,0,0,0,0,0,0,5,3,36,12,0,21,0,0,0,0,0,0,0,0,0,0,0,0,0,0,0,0.0,0.0,0,0,0,0,0,0,0,0,0,0,0,0,0,0,0,0,0,0,0,0,0,0,0,0
7280,2010,9/19/2010,2,GB,BUF,HOME,24,J.Bush,CB,DEF,Y,Y,N,0,0,0,0,0,0,0,0,0,0,0,0,0,0,0,0,0,0,0,0,0,0,0,0,0,0,0,0,0,0,0,0,0,0,0,0,0,0,0.0,0.0,0,0,0,0,0,0,0,0,0,0,0,0,0,0,0,0,0,0,0,0,0,0,0,0
3671,2010,9/19/2010,2,GB,BUF,HOME,88,J.Finley,TE,OFF,Y,Y,Y,0,0,0,0,0,0,0,0,0,0,0,0,0,0,0,0,0,6,4,103,25.75,0,34,0,0,0,0,0,0,0,0,0,0,0,0,0,0,0,0.0,0.0,0,0,0,0,0,0,0,0,0,0,0,0,0,0,0,0,0,0,0,0,0,0,0,0
6302,2010,9/19/2010,2,GB,BUF,HOME,89,J.Jones,WR,OFF,Y,Y,N,0,0,0,0,0,0,0,0,0,0,0,0,0,0,0,0,0,7,3,32,10.67,1,30,1,0,0,0,0,0,0,0,0,0,0,0,0,0,0,0.0,0.0,0,0,0,0,0,0,0,0,0,0,0,0,0,0,0,0,0,0,0,0,0,0,0,0
1589,2010,9/19/2010,2,GB,BUF,HOME,30,J.Kuhn,RB,OFF,Y,Y,N,0,0,0,0,0,0,0,0,0,0,0,0,9,36,4,0,12,1,0,0,0,0,0,1,0,0,0,0,0,0,0,0,0,0,0,0,0,0,0.0,0.0,0,0,0,0,0,0,0,0,0,0,0,0,0,0,0,0,0,0,0,0,0,0,0,0
4556,2010,9/19/2010,2,GB,BUF,HOME,87,J.Nelson,WR,OFF,Y,Y,N,0,0,0,0,0,0,0,0,0,0,0,0,0,0,0,0,0,2,2,26,13,0,15,0,0,0,0,0,0,0,2,61,30.5,0,34,0,0,0,0.0,0.0,0,0,0,0,0,0,0,0,0,0,0,0,0,0,0,0,0,0,0,0,0,0,0,0
3339,2010,9/19/2010,2,GB,BUF,HOME,71,J.Sitton,RG,OFF,Y,Y,Y,0,0,0,0,0,0,0,0,0,0,0,0,0,0,0,0,0,0,0,0,0,0,0,0,0,0,0,0,0,0,0,0,0,0,0,0,0,0,0.0,0.0,0,0,0,0,0,0,0,0,0,0,0,0,0,0,0,0,0,0,0,0,0,0,0,0
2648,2010,9/19/2010,2,GB,BUF,HOME,72,J.Spitz,G,OFF,Y,Y,N,0,0,0,0,0,0,0,0,0,0,0,0,0,0,0,0,0,0,0,0,0,0,0,0,0,0,0,0,0,0,0,0,0,0,0,0,0,0,0.0,0.0,0,0,0,0,0,0,0,0,0,0,0,0,0,0,0,0,0,0,0,0,0,0,0,0
9066,2010,9/19/2010,2,GB,BUF,HOME,94,J.Wynn,DE,DEF,Y,Y,N,0,0,0,0,0,0,0,0,0,0,0,0,0,0,0,0,0,0,0,0,0,0,0,0,0,0,0,0,0,0,0,0,0,0,0,0,0,0,0.0,0.0,0,0,0,0,0,0,0,0,0,0,0,0,0,0,0,0,0,0,0,0,0,0,0,0
5536,2010,9/19/2010,2,GB,BUF,HOME,35,K.Hall,FB,OFF,N,N,N,0,0,0,0,0,0,0,0,0,0,0,0,0,0,0,0,0,0,0,0,0,0,0,0,0,0,0,0,0,0,0,0,0,0,0,0,0,0,0.0,0.0,0,0,0,0,0,0,0,0,0,0,0,0,0,0,0,0,0,0,0,0,0,0,0,0
11386,2010,9/19/2010,2,GB,BUF,HOME,42,M.Burnett,S,DEF,Y,Y,Y,0,0,0,0,0,0,0,0,0,0,0,0,0,0,0,0,0,0,0,0,0,0,0,0,0,0,0,0,0,0,0,0,0,0,0,3,2,0,0.0,0.0,0,1,0,0,0,0,1,0,0,0,0,0,0,0,0,0,0,0,0,0,0,0,0,0
1694,2010,9/19/2010,2,GB,BUF,HOME,2,M.Crosby,K,ST,Y,Y,N,0,0,0,0,0,0,0,0,0,0,0,0,0,0,0,0,0,0,0,0,0,0,0,0,0,0,0,0,0,0,0,0,0,0,0,0,0,0,0.0,0.0,0,0,0,0,0,0,0,0,0,0,0,0,0,0,0,0,0,2,2,44,4,0,0,0
3895,2010,9/19/2010,2,GB,BUF,HOME,10,M.Flynn,QB,OFF,Y,N,N,0,0,0,0,0,0,0,0,0,0,0,0,0,0,0,0,0,0,0,0,0,0,0,0,0,0,0,0,0,0,0,0,0,0,0,0,0,0,0.0,0.0,0,0,0,0,0,0,0,0,0,0,0,0,0,0,0,0,0,0,0,0,0,0,0,0
11397,2010,9/19/2010,2,GB,BUF,HOME,96,M.Neal,DE,DEF,N,N,N,0,0,0,0,0,0,0,0,0,0,0,0,0,0,0,0,0,0,0,0,0,0,0,0,0,0,0,0,0,0,0,0,0,0,0,0,0,0,0.0,0.0,0,0,0,0,0,0,0,0,0,0,0,0,0,0,0,0,0,0,0,0,0,0,0,0
11398,2010,9/19/2010,2,GB,BUF,HOME,74,M.Newhouse,OT,OFF,N,N,N,0,0,0,0,0,0,0,0,0,0,0,0,0,0,0,0,0,0,0,0,0,0,0,0,0,0,0,0,0,0,0,0,0,0,0,0,0,0,0.0,0.0,0,0,0,0,0,0,0,0,0,0,0,0,0,0,0,0,0,0,0,0,0,0,0,0
5123,2010,9/19/2010,2,GB,BUF,HOME,65,M.Tauscher,RT,OFF,Y,Y,Y,0,0,0,0,0,0,0,0,0,0,0,0,0,0,0,0,0,0,0,0,0,0,0,0,0,0,0,0,0,0,0,0,0,0,0,0,0,0,0.0,0.0,0,0,0,0,0,0,0,0,0,0,0,0,0,0,0,0,0,0,0,0,0,0,0,0
3378,2010,9/19/2010,2,GB,BUF,HOME,56,N.Barnett,LB,DEF,Y,Y,Y,0,0,0,0,0,0,0,0,0,0,0,0,0,0,0,0,0,0,0,0,0,0,0,0,0,0,0,0,0,0,0,0,0,0,0,7,2,0,0.0,0.0,0,0,0,0,0,0,0,0,0,0,0,0,0,0,0,0,0,0,0,0,0,0,0,0
4872,2010,9/19/2010,2,GB,BUF,HOME,36,N.Collins,S,DEF,Y,Y,Y,0,0,0,0,0,0,0,0,0,0,0,0,0,0,0,0,0,0,0,0,0,0,0,0,0,0,0,0,0,0,0,0,0,0,0,6,1,0,0.0,0.0,0,1,0,0,0,0,0,0,0,0,1,0,0,0,0,0,0,0,0,0,0,0,0,0
11394,2010,9/19/2010,2,GB,BUF,HOME,67,N.McDonald,G,OFF,N,N,N,0,0,0,0,0,0,0,0,0,0,0,0,0,0,0,0,0,0,0,0,0,0,0,0,0,0,0,0,0,0,0,0,0,0,0,0,0,0,0.0,0.0,0,0,0,0,0,0,0,0,0,0,0,0,0,0,0,0,0,0,0,0,0,0,0,0
6352,2010,9/19/2010,2,GB,BUF,HOME,22,P.Lee,CB,DEF,Y,Y,N,0,0,0,0,0,0,0,0,0,0,0,0,0,0,0,0,0,0,0,0,0,0,0,0,0,0,0,0,0,0,0,0,0,0,0,0,0,0,0.0,0.0,0,0,0,0,0,0,0,0,0,0,0,0,0,0,0,0,0,0,0,0,0,0,0,0
9048,2010,9/19/2010,2,GB,BUF,HOME,45,Q.Johnson,FB,OFF,Y,Y,Y,0,0,0,0,0,0,0,0,0,0,0,0,0,0,0,0,0,1,1,11,11,0,11,0,0,0,0,0,0,0,0,0,0,0,0,0,0,0,0.0,0.0,0,0,0,0,0,0,0,0,0,0,0,0,0,0,0,0,0,0,0,0,0,0,0,0
5601,2010,9/19/2010,2,GB,BUF,HOME,79,R.Pickett,DE,DEF,Y,Y,Y,0,0,0,0,0,0,0,0,0,0,0,0,0,0,0,0,0,0,0,0,0,0,0,0,0,0,0,0,0,0,0,0,0,0,0,3,0,0,0.0,0.0,0,0,0,0,0,0,0,0,0,0,0,0,0,0,0,0,0,0,0,0,0,0,0,0
11402,2010,9/19/2010,2,GB,BUF,HOME,37,S.Shields,CB,DEF,Y,Y,N,0,0,0,0,0,0,0,0,0,0,0,0,0,0,0,0,0,0,0,0,0,0,0,0,0,0,0,0,0,0,0,0,0,0,0,2,0,0,0.0,0.0,0,0,0,0,0,0,0,0,0,0,0,0,0,0,0,0,0,0,0,0,0,0,0,0
1507,2010,9/19/2010,2,GB,BUF,HOME,63,S.Wells,C,OFF,Y,Y,Y,0,0,0,0,0,0,0,0,0,0,0,0,0,0,0,0,0,0,0,0,0,0,0,0,0,0,0,0,0,0,0,0,0,0,0,0,0,0,0.0,0.0,0,0,0,0,0,0,0,0,0,0,0,0,0,0,0,0,0,0,0,0,0,0,0,0
12007,2010,9/19/2010,2,GB,BUF,HOME,83,T.Crabtree,TE,OFF,Y,Y,N,0,0,0,0,0,0,0,0,0,0,0,0,0,0,0,0,0,0,0,0,0,0,0,0,0,0,0,0,0,0,0,0,0,0,0,0,0,0,0.0,0.0,0,0,0,0,0,0,0,0,0,0,2,0,0,0,0,0,0,0,0,0,0,0,0,0
9050,2010,9/19/2010,2,GB,BUF,HOME,70,T.Lang,OT,OFF,N,N,N,0,0,0,0,0,0,0,0,0,0,0,0,0,0,0,0,0,0,0,0,0,0,0,0,0,0,0,0,0,0,0,0,0,0,0,0,0,0,0.0,0.0,0,0,0,0,0,0,0,0,0,0,0,0,0,0,0,0,0,0,0,0,0,0,0,0
11393,2010,9/19/2010,2,GB,BUF,HOME,8,T.Masthay,P,ST,Y,Y,N,0,0,0,0,0,0,0,0,0,0,0,0,0,0,0,0,0,0,0,0,0,0,0,0,0,0,0,0,0,0,0,0,0,0,0,0,0,0,0.0,0.0,0,0,0,0,0,0,0,0,0,0,0,0,0,0,3,121,40.33,0,0,0,0,0,0,0
3942,2010,9/19/2010,2,GB,BUF,HOME,38,T.Williams,CB,DEF,Y,Y,Y,0,0,0,0,0,0,0,0,0,0,0,0,0,0,0,0,0,0,0,0,0,0,0,0,0,3,22,7.33,0,9,0,0,0,0,0,2,1,0,0.0,0.0,0,0,0,0,0,0,0,0,0,0,0,0,0,0,0,0,0,0,0,0,0,0,0,0